TRUCK_ID,MENU_TYPE_ID,PRIMARY_CITY,REGION,ISO_REGION,COUNTRY,ISO_COUNTRY_CODE,FRANCHISE_FLAG,YEAR,MAKE,MODEL,EV_FLAG,FRANCHISE_ID,TRUCK_OPENING_DATE
1,1,San Mateo,California,CA,United States,US,0,2009,Ford_,Step Van,0,1,2019-01-01
2,2,San Mateo,California,CA,United States,US,0,2015,Ford_,Step Van,0,1,2020-07-01
3,3,San Mateo,California,CA,United States,US,1,2004,Freightliner,MT45 Utilimaster,0,2,2021-10-01
4,4,San Mateo,California,CA,United States,US,1,1997,Chevrolet,P30,1,3,2021-01-01
5,5,San Mateo,California,CA,United States,US,1,2010,Custom,Van,1,4,2022-04-01
6,6,San Mateo,California,CA,United States,US,1,2010,Airstream,Trailer,0,5,2019-07-01
7,7,San Mateo,California,CA,United States,US,1,2010,Custom,Van,0,6,2021-01-01
8,8,San Mateo,California,CA,United States,US,1,1999,Chevrolet,P30,1,7,2022-04-01
9,9,San Mateo,California,CA,United States,US,1,2008,Custom,Box Truck,0,8,2020-07-01
10,10,San Mateo,California,CA,United States,US,1,2009,Ford_,Step Van,0,9,2021-10-01
11,11,San Mateo,California,CA,United States,US,1,2013,Ford_,Step Van,0,10,2020-01-01
12,12,San Mateo,California,CA,United States,US,1,2010,Custom,Van,0,11,2021-04-01
13,13,San Mateo,California,CA,United States,US,1,2000,Freightliner,MT45 Utilimaster,0,12,2021-07-01
14,14,San Mateo,California,CA,United States,US,1,2004,Freightliner,MT45 Utilimaster,0,12,2020-10-01
15,15,San Mateo,California,CA,United States,US,1,2010,Airstream,Trailer,0,13,2021-01-01
16,1,Denver,Colorado,CO,United States,US,1,1974,Volkswagen,Westfalia Bus,1,14,2022-04-01
17,2,Denver,Colorado,CO,United States,US,0,2015,Ford_,Step Van,0,1,2019-04-01
18,3,Denver,Colorado,CO,United States,US,1,2008,Custom,Box Truck,0,15,2020-01-01
19,4,Denver,Colorado,CO,United States,US,1,2018,Nissan,NV 2500 High Roof,0,16,2021-07-01
20,5,Denver,Colorado,CO,United States,US,1,2012,Custom,Box Truck,0,17,2021-07-01
21,6,Denver,Colorado,CO,United States,US,0,2015,Ford_,Step Van,0,1,2019-04-01
22,7,Denver,Colorado,CO,United States,US,1,2013,Ford_,Step Van,1,18,2022-01-01
23,8,Denver,Colorado,CO,United States,US,1,2010,Custom,Van,0,19,2020-01-01
24,9,Denver,Colorado,CO,United States,US,1,2000,Freightliner,MT45 Utilimaster,0,20,2021-07-01
25,10,Denver,Colorado,CO,United States,US,1,2013,Ford_,Step Van,0,21,2021-07-01
26,11,Denver,Colorado,CO,United States,US,1,2010,Custom,Van,0,22,2021-04-01
27,12,Denver,Colorado,CO,United States,US,1,2000,Freightliner,MT45 Utilimaster,0,23,2020-07-01
28,13,Denver,Colorado,CO,United States,US,1,2009,Freightliner,MT45 Utilimaster,0,23,2021-01-01
29,14,Denver,Colorado,CO,United States,US,1,1999,Chevrolet,P30,0,24,2020-10-01
30,15,Denver,Colorado,CO,United States,US,1,1997,Chevrolet,P30,0,25,2021-04-01
31,1,Seattle,Washington,WA,United States,US,1,2010,Custom,Van,0,26,2020-01-01
32,2,Seattle,Washington,WA,United States,US,1,2009,Freightliner,MT45 Utilimaster,1,27,2021-07-01
33,3,Seattle,Washington,WA,United States,US,0,2013,Ford_,Step Van,0,1,2019-10-01
34,4,Seattle,Washington,WA,United States,US,1,1999,Chevrolet,P30,0,28,2021-10-01
35,5,Seattle,Washington,WA,United States,US,1,1997,Chevrolet,P30,0,28,2022-01-01
36,6,Seattle,Washington,WA,United States,US,1,2014,Ford_,Step Van,0,29,2021-04-01
37,7,Seattle,Washington,WA,United States,US,1,2010,Ford_,Step Van,0,30,2021-07-01
38,8,Seattle,Washington,WA,United States,US,1,2012,Custom,Box Truck,1,31,2022-07-01
39,9,Seattle,Washington,WA,United States,US,1,2010,Ford_,Step Van,0,32,2020-07-01
40,10,Seattle,Washington,WA,United States,US,1,2012,Custom,Box Truck,1,33,2021-01-01
41,11,Seattle,Washington,WA,United States,US,1,1997,Custom,Box Truck,0,34,2021-04-01
42,12,Seattle,Washington,WA,United States,US,1,2000,Freightliner,MT45 Utilimaster,0,35,2020-10-01
43,13,Seattle,Washington,WA,United States,US,1,2014,Ford_,Step Van,0,36,2021-07-01
44,14,Seattle,Washington,WA,United States,US,1,2010,Ford_,Step Van,0,37,2021-10-01
45,15,Seattle,Washington,WA,United States,US,1,2001,Freightliner,MT45 Utilimaster,0,38,2020-04-01
46,1,Boston,Massachusetts,MA,United States,US,1,2014,Ford_,Step Van,0,36,2021-01-01
47,2,Boston,Massachusetts,MA,United States,US,1,2010,Ford_,Step Van,0,37,2020-07-01
48,3,Boston,Massachusetts,MA,United States,US,1,2007,Custom,Van,0,39,2020-07-01
49,4,Boston,Massachusetts,MA,United States,US,0,2013,Ford_,Step Van,1,1,2021-04-01
50,5,Boston,Massachusetts,MA,United States,US,1,1974,Volkswagen,Westfalia Bus,0,40,2020-07-01
51,6,Boston,Massachusetts,MA,United States,US,1,2012,Custom,Box Truck,0,41,2020-01-01
52,7,Boston,Massachusetts,MA,United States,US,1,2015,Ford_,Step Van,0,42,2021-07-01
53,8,Boston,Massachusetts,MA,United States,US,1,2013,Ford_,Step Van,0,43,2021-10-01
54,9,Boston,Massachusetts,MA,United States,US,1,2010,Custom,Van,1,44,2022-04-01
55,10,Boston,Massachusetts,MA,United States,US,1,2000,Freightliner,MT45 Utilimaster,0,45,2020-01-01
56,11,Boston,Massachusetts,MA,United States,US,1,2015,Ford_,Step Van,1,46,2022-04-01
57,12,Boston,Massachusetts,MA,United States,US,1,2013,Ford_,Step Van,0,46,2021-07-01
58,13,Boston,Massachusetts,MA,United States,US,1,2010,Custom,Van,1,47,2022-01-01
59,14,Boston,Massachusetts,MA,United States,US,1,2000,Freightliner,MT45 Utilimaster,1,48,2022-04-01
60,15,Boston,Massachusetts,MA,United States,US,1,2014,Ford_,Step Van,0,49,2020-10-01
61,1,New York City,New York,NY,United States,US,1,2013,Ford_,Step Van,0,49,2021-01-01
62,2,New York City,New York,NY,United States,US,1,2010,Custom,Van,0,50,2021-07-01
63,3,New York City,New York,NY,United States,US,1,2012,Custom,Box Truck,1,51,2022-04-01
64,4,New York City,New York,NY,United States,US,1,2009,Ford_,Step Van,0,52,2021-01-01
65,5,New York City,New York,NY,United States,US,0,2013,Ford_,Step Van,1,1,2022-01-01
66,6,New York City,New York,NY,United States,US,1,2010,Custom,Van,1,53,2022-04-01
67,7,New York City,New York,NY,United States,US,1,2009,Ford_,Step Van,0,54,2020-01-01
68,8,New York City,New York,NY,United States,US,1,2010,Ford_,Step Van,0,54,2021-04-01
69,9,New York City,New York,NY,United States,US,1,2009,Ford_,Step Van,0,54,2021-10-01
70,10,New York City,New York,NY,United States,US,1,2004,Freightliner,MT45 Utilimaster,0,55,2021-01-01
71,11,New York City,New York,NY,United States,US,1,2013,Ford_,Step Van,0,56,2020-10-01
72,12,New York City,New York,NY,United States,US,1,2010,Custom,Van,1,57,2022-04-01
73,13,New York City,New York,NY,United States,US,1,2004,Freightliner,MT45 Utilimaster,0,58,2020-01-01
74,14,New York City,New York,NY,United States,US,1,2007,Freightliner,MT45 Utilimaster,0,59,2020-10-01
75,15,New York City,New York,NY,United States,US,1,2009,Ford_,Step Van,0,60,2021-04-01
76,1,Toronto,Ontario,ON,Canada,CA,1,2010,Custom,Van,0,61,2021-04-01
77,2,Toronto,Ontario,ON,Canada,CA,0,2000,Freightliner,MT45 Utilimaster,1,1,2021-10-01
78,3,Toronto,Ontario,ON,Canada,CA,0,2004,Freightliner,MT45 Utilimaster,1,1,2022-01-01
79,4,Toronto,Ontario,ON,Canada,CA,1,2010,Airstream,Trailer,0,62,2020-01-01
80,5,Toronto,Ontario,ON,Canada,CA,1,2014,Ford_,Step Van,1,63,2022-01-01
81,6,Toronto,Ontario,ON,Canada,CA,0,2009,Ford_,Step Van,0,1,2019-01-01
82,7,Toronto,Ontario,ON,Canada,CA,1,2009,Ford_,Step Van,1,63,2022-04-01
83,8,Toronto,Ontario,ON,Canada,CA,1,2004,Freightliner,MT45 Utilimaster,0,64,2021-10-01
84,9,Toronto,Ontario,ON,Canada,CA,0,2000,Freightliner,MT45 Utilimaster,1,1,2021-10-01
85,10,Toronto,Ontario,ON,Canada,CA,1,2010,Custom,Van,0,65,2021-01-01
86,11,Toronto,Ontario,ON,Canada,CA,1,2009,Ford_,Step Van,1,66,2022-04-01
87,12,Toronto,Ontario,ON,Canada,CA,1,2009,Ford_,Step Van,1,66,2020-01-01
88,13,Toronto,Ontario,ON,Canada,CA,1,2012,Custom,Box Truck,0,67,2020-10-01
89,14,Toronto,Ontario,ON,Canada,CA,1,2001,Freightliner,MT45 Utilimaster,0,68,2020-01-01
90,15,Toronto,Ontario,ON,Canada,CA,1,2009,Ford_,Step Van,0,69,2021-01-01
91,1,Vancouver,British Columbia,BC,Canada,CA,1,2007,Ford_,Step Van,0,70,2021-04-01
92,2,Vancouver,British Columbia,BC,Canada,CA,1,2000,Freightliner,MT45 Utilimaster,0,71,2020-10-01
93,3,Vancouver,British Columbia,BC,Canada,CA,1,2008,Custom,Box Truck,1,72,2022-01-01
94,4,Vancouver,British Columbia,BC,Canada,CA,1,2000,Freightliner,MT45 Utilimaster,0,73,2020-01-01
95,5,Vancouver,British Columbia,BC,Canada,CA,1,2001,Airstream,Trailer,1,74,2022-04-01
96,6,Vancouver,British Columbia,BC,Canada,CA,1,1999,Chevrolet,P30,1,75,2022-01-01
97,7,Vancouver,British Columbia,BC,Canada,CA,0,2009,Ford_,Step Van,0,1,2019-01-01
98,8,Vancouver,British Columbia,BC,Canada,CA,1,2012,Ford_,Step Van,0,76,2021-10-01
99,9,Vancouver,British Columbia,BC,Canada,CA,1,2001,Freightliner,MT45 Utilimaster,0,77,2021-01-01
100,10,Vancouver,British Columbia,BC,Canada,CA,0,2009,Ford_,Step Van,0,1,2019-04-01
101,11,Vancouver,British Columbia,BC,Canada,CA,1,2008,Custom,Box Truck,0,78,2020-01-01
102,12,Vancouver,British Columbia,BC,Canada,CA,0,2000,Freightliner,MT45 Utilimaster,0,1,2020-10-01
103,13,Vancouver,British Columbia,BC,Canada,CA,1,2010,Airstream,Trailer,0,79,2021-04-01
104,14,Vancouver,British Columbia,BC,Canada,CA,1,2002,Freightliner,MT45 Utilimaster,0,80,2020-01-01
105,15,Vancouver,British Columbia,BC,Canada,CA,1,2009,Ford_,Step Van,0,81,2021-01-01
106,1,Montreal,Quebec,QC,Canada,CA,1,2007,Ford_,Step Van,1,81,2022-01-01
107,2,Montreal,Quebec,QC,Canada,CA,1,2012,Custom,Box Truck,1,82,2022-01-01
108,3,Montreal,Quebec,QC,Canada,CA,1,2000,Freightliner,MT45 Utilimaster,1,83,2022-01-01
109,4,Montreal,Quebec,QC,Canada,CA,1,2008,Custom,Box Truck,0,84,2020-01-01
110,5,Montreal,Quebec,QC,Canada,CA,1,2000,Freightliner,MT45 Utilimaster,0,85,2021-04-01
111,6,Montreal,Quebec,QC,Canada,CA,1,2009,Ford_,Step Van,0,86,2021-10-01
112,7,Montreal,Quebec,QC,Canada,CA,1,1974,Volkswagen,Westfalia Bus,1,87,2022-01-01
113,8,Montreal,Quebec,QC,Canada,CA,0,2009,Ford_,Step Van,0,1,2019-01-01
114,9,Montreal,Quebec,QC,Canada,CA,1,2007,Custom,Box Truck,1,88,2022-04-01
115,10,Montreal,Quebec,QC,Canada,CA,1,2002,Freightliner,MT45 Utilimaster,0,89,2021-10-01
116,11,Montreal,Quebec,QC,Canada,CA,1,1997,Chevrolet,P30,0,90,2020-01-01
117,12,Montreal,Quebec,QC,Canada,CA,1,2001,Freightliner,MT45 Utilimaster,0,91,2021-04-01
118,13,Montreal,Quebec,QC,Canada,CA,1,2002,Freightliner,MT45 Utilimaster,1,91,2022-04-01
119,14,Montreal,Quebec,QC,Canada,CA,1,2009,Ford_,Step Van,0,92,2021-10-01
120,15,Montreal,Quebec,QC,Canada,CA,1,2008,Custom,Van,1,93,2022-01-01
121,1,London,Greater London,Greater London,England,GB,1,2014,Ford_,Step Van,1,94,2022-04-01
122,2,London,Greater London,Greater London,England,GB,1,2007,Ford_,Step Van,0,94,2020-10-01
123,3,London,Greater London,Greater London,England,GB,1,2014,Ford_,Step Van,1,94,2021-10-01
124,4,London,Greater London,Greater London,England,GB,1,2001,Freightliner,MT45 Utilimaster,1,95,2022-01-01
125,5,London,Greater London,Greater London,England,GB,1,2014,Ford_,Step Van,0,96,2020-10-01
126,6,London,Greater London,Greater London,England,GB,1,2007,Ford_,Step Van,1,97,2022-01-01
127,7,London,Greater London,Greater London,England,GB,1,2014,Ford_,Step Van,0,98,2021-04-01
128,8,London,Greater London,Greater London,England,GB,1,2001,Freightliner,MT45 Utilimaster,0,99,2020-07-01
129,9,London,Greater London,Greater London,England,GB,0,2010,Ford_,Step Van,1,1,2021-10-01
130,10,London,Greater London,Greater London,England,GB,1,1997,Chevrolet,P30,1,100,2022-04-01
131,11,London,Greater London,Greater London,England,GB,1,2010,Custom,Van,0,101,2020-01-01
132,12,London,Greater London,Greater London,England,GB,1,2001,Freightliner,MT45 Utilimaster,1,102,2022-01-01
133,13,London,Greater London,Greater London,England,GB,1,2010,Ford_,Step Van,0,103,2021-10-01
134,14,London,Greater London,Greater London,England,GB,1,2009,Ford_,Step Van,1,103,2022-04-01
135,15,London,Greater London,Greater London,England,GB,1,2004,Freightliner,MT45 Utilimaster,0,104,2021-01-01
136,1,Manchester,Greater Manchester,Greater Manchester,England,GB,1,1972,Volkswagen,Westfalia Bus,1,105,2022-04-01
137,2,Manchester,Greater Manchester,Greater Manchester,England,GB,1,2009,Ford_,Step Van,0,106,2020-07-01
138,3,Manchester,Greater Manchester,Greater Manchester,England,GB,1,2004,Freightliner,MT45 Utilimaster,0,107,2021-01-01
139,4,Manchester,Greater Manchester,Greater Manchester,England,GB,1,2000,Freightliner,MT45 Utilimaster,0,108,2021-04-01
140,5,Manchester,Greater Manchester,Greater Manchester,England,GB,1,2008,Custom,Van,0,109,2020-07-01
141,6,Manchester,Greater Manchester,Greater Manchester,England,GB,1,2014,Ford_,Step Van,1,110,2022-10-01
142,7,Manchester,Greater Manchester,Greater Manchester,England,GB,1,2014,Ford_,Step Van,1,110,2022-01-01
143,8,Manchester,Greater Manchester,Greater Manchester,England,GB,1,2014,Ford_,Step Van,1,110,2021-07-01
144,9,Manchester,Greater Manchester,Greater Manchester,England,GB,1,1999,Chevrolet,P30,0,111,2021-01-01
145,10,Manchester,Greater Manchester,Greater Manchester,England,GB,0,2010,Ford_,Step Van,0,1,2019-04-01
146,11,Manchester,Greater Manchester,Greater Manchester,England,GB,1,2004,Freightliner,MT45 Utilimaster,1,112,2022-01-01
147,12,Manchester,Greater Manchester,Greater Manchester,England,GB,1,2004,Freightliner,MT45 Utilimaster,1,112,2022-07-01
148,13,Manchester,Greater Manchester,Greater Manchester,England,GB,1,2014,Ford_,Step Van,0,113,2020-07-01
149,14,Manchester,Greater Manchester,Greater Manchester,England,GB,1,1999,Chevrolet,P30,1,114,2022-01-01
150,15,Manchester,Greater Manchester,Greater Manchester,England,GB,1,2010,Ford_,Step Van,0,115,2020-04-01
151,1,Paris,Île-de-France,Paris,France,FR,1,2008,Custom,Van,1,116,2022-01-01
152,2,Paris,Île-de-France,Paris,France,FR,1,2014,Ford_,Step Van,0,117,2021-01-01
153,3,Paris,Île-de-France,Paris,France,FR,1,2007,Ford_,Step Van,1,118,2022-04-01
154,4,Paris,Île-de-France,Paris,France,FR,1,2014,Ford_,Step Van,0,119,2020-10-01
155,5,Paris,Île-de-France,Paris,France,FR,1,2005,Freightliner,MT45 Utilimaster,1,120,2022-01-01
156,6,Paris,Île-de-France,Paris,France,FR,1,2005,Freightliner,MT45 Utilimaster,0,120,2021-01-01
157,7,Paris,Île-de-France,Paris,France,FR,1,2010,Airstream,Trailer,0,121,2021-10-01
158,8,Paris,Île-de-France,Paris,France,FR,1,2005,Freightliner,MT45 Utilimaster,1,120,2022-07-01
159,9,Paris,Île-de-France,Paris,France,FR,1,2014,Ford_,Step Van,0,122,2021-04-01
160,10,Paris,Île-de-France,Paris,France,FR,1,2005,Freightliner,MT45 Utilimaster,1,120,2022-01-01
161,11,Paris,Île-de-France,Paris,France,FR,0,2012,Ford_,Step Van,0,1,2020-10-01
162,12,Paris,Île-de-France,Paris,France,FR,1,2018,Nissan,NV 2500 High Roof,0,121,2021-07-01
163,13,Paris,Île-de-France,Paris,France,FR,1,2005,Freightliner,MT45 Utilimaster,1,120,2022-01-01
164,14,Paris,Île-de-France,Paris,France,FR,1,2005,Freightliner,MT45 Utilimaster,0,120,2021-04-01
165,15,Paris,Île-de-France,Paris,France,FR,1,2001,Freightliner,MT45 Utilimaster,1,123,2022-01-01
166,1,Nice,Provence–Alpes–Côte-d'Azur,Alpes-Maritimes,France,FR,1,2001,Freightliner,MT45 Utilimaster,0,123,2021-10-01
167,2,Nice,Provence–Alpes–Côte-d'Azur,Alpes-Maritimes,France,FR,1,2014,Ford_,Step Van,0,124,2020-10-01
168,3,Nice,Provence–Alpes–Côte-d'Azur,Alpes-Maritimes,France,FR,1,1999,Chevrolet,P30,1,125,2022-01-01
169,4,Nice,Provence–Alpes–Côte-d'Azur,Alpes-Maritimes,France,FR,1,2012,Ford_,Step Van,1,126,2022-01-01
170,5,Nice,Provence–Alpes–Côte-d'Azur,Alpes-Maritimes,France,FR,1,2014,Ford_,Step Van,1,1,2021-10-01
171,6,Nice,Provence–Alpes–Côte-d'Azur,Alpes-Maritimes,France,FR,1,2010,Airstream,Trailer,0,127,2020-04-01
172,7,Nice,Provence–Alpes–Côte-d'Azur,Alpes-Maritimes,France,FR,1,2005,Freightliner,MT45 Utilimaster,0,128,2021-07-01
173,8,Nice,Provence–Alpes–Côte-d'Azur,Alpes-Maritimes,France,FR,1,2005,Freightliner,MT45 Utilimaster,0,128,2021-01-01
174,9,Nice,Provence–Alpes–Côte-d'Azur,Alpes-Maritimes,France,FR,1,2010,Airstream,Trailer,0,129,2020-10-01
175,10,Nice,Provence–Alpes–Côte-d'Azur,Alpes-Maritimes,France,FR,1,2001,Freightliner,MT45 Utilimaster,1,130,2022-04-01
176,11,Nice,Provence–Alpes–Côte-d'Azur,Alpes-Maritimes,France,FR,1,2001,Freightliner,MT45 Utilimaster,0,130,2021-10-01
177,12,Nice,Provence–Alpes–Côte-d'Azur,Alpes-Maritimes,France,FR,0,2012,Ford_,Step Van,0,1,2020-01-01
178,13,Nice,Provence–Alpes–Côte-d'Azur,Alpes-Maritimes,France,FR,1,2001,Freightliner,MT45 Utilimaster,1,131,2022-07-01
179,14,Nice,Provence–Alpes–Côte-d'Azur,Alpes-Maritimes,France,FR,1,2009,Ford_,Step Van,0,132,2020-10-01
180,15,Nice,Provence–Alpes–Côte-d'Azur,Alpes-Maritimes,France,FR,1,2010,Airstream,Trailer,0,133,2021-01-01
181,1,Warsaw,Mazowieckie województwo,Masovian,Poland,PL,1,2005,Freightliner,MT45 Utilimaster,0,134,2022-04-01
182,2,Warsaw,Mazowieckie województwo,Masovian,Poland,PL,1,2010,Ford_,Step Van,1,135,2021-01-01
183,3,Warsaw,Mazowieckie województwo,Masovian,Poland,PL,1,2010,Ford_,Step Van,1,135,2022-01-01
184,4,Warsaw,Mazowieckie województwo,Masovian,Poland,PL,1,2010,Ford_,Step Van,1,135,2020-10-01
185,5,Warsaw,Mazowieckie województwo,Masovian,Poland,PL,1,2010,Ford_,Step Van,1,135,2021-07-01
186,6,Warsaw,Mazowieckie województwo,Masovian,Poland,PL,1,1999,Chevrolet,P30,1,136,2022-01-01
187,7,Warsaw,Mazowieckie województwo,Masovian,Poland,PL,1,2012,Ford_,Step Van,0,137,2020-01-01
188,8,Warsaw,Mazowieckie województwo,Masovian,Poland,PL,1,2001,Freightliner,MT45 Utilimaster,0,138,2021-04-01
189,9,Warsaw,Mazowieckie województwo,Masovian,Poland,PL,1,2003,Freightliner,MT45 Utilimaster,0,139,2020-10-01
190,10,Warsaw,Mazowieckie województwo,Masovian,Poland,PL,1,2003,Freightliner,MT45 Utilimaster,0,138,2021-07-01
191,11,Warsaw,Mazowieckie województwo,Masovian,Poland,PL,1,2001,Freightliner,MT45 Utilimaster,0,139,2020-01-01
192,12,Warsaw,Mazowieckie województwo,Masovian,Poland,PL,1,1999,Chevrolet,P30,1,140,2022-04-01
193,13,Warsaw,Mazowieckie województwo,Masovian,Poland,PL,0,2012,Ford_,Step Van,0,1,2019-01-01
194,14,Warsaw,Mazowieckie województwo,Masovian,Poland,PL,1,1974,Volkswagen,Westfalia Bus,0,141,2021-10-01
195,15,Warsaw,Mazowieckie województwo,Masovian,Poland,PL,1,2012,Ford_,Step Van,0,142,2020-07-01
196,1,Krakow,Małopolskie województwo,Lesser Poland,Poland,PL,1,2000,Freightliner,MT45 Utilimaster,0,143,2022-01-01
197,2,Krakow,Małopolskie województwo,Lesser Poland,Poland,PL,1,2012,Ford_,Step Van,1,144,2022-04-01
198,3,Krakow,Małopolskie województwo,Lesser Poland,Poland,PL,1,2012,Ford_,Step Van,1,144,2020-07-01
199,4,Krakow,Małopolskie województwo,Lesser Poland,Poland,PL,1,2001,Freightliner,MT45 Utilimaster,0,145,2021-10-01
200,5,Krakow,Małopolskie województwo,Lesser Poland,Poland,PL,1,2005,Freightliner,MT45 Utilimaster,0,146,2020-01-01
201,6,Krakow,Małopolskie województwo,Lesser Poland,Poland,PL,1,2008,Ford_,Step Van,0,147,2021-10-01
202,7,Krakow,Małopolskie województwo,Lesser Poland,Poland,PL,1,2000,Freightliner,MT45 Utilimaster,0,148,2021-04-01
203,8,Krakow,Małopolskie województwo,Lesser Poland,Poland,PL,1,2011,Airstream,Trailer,0,149,2021-01-01
204,9,Krakow,Małopolskie województwo,Lesser Poland,Poland,PL,1,2012,Ford_,Step Van,1,150,2022-07-01
205,10,Krakow,Małopolskie województwo,Lesser Poland,Poland,PL,1,2000,Freightliner,MT45 Utilimaster,0,151,2020-07-01
206,11,Krakow,Małopolskie województwo,Lesser Poland,Poland,PL,1,2000,Freightliner,MT45 Utilimaster,0,151,2022-04-01
207,12,Krakow,Małopolskie województwo,Lesser Poland,Poland,PL,1,2011,Airstream,Trailer,0,152,2021-01-01
208,13,Krakow,Małopolskie województwo,Lesser Poland,Poland,PL,0,2012,Ford_,Step Van,0,1,2020-07-01
209,14,Krakow,Małopolskie województwo,Lesser Poland,Poland,PL,1,2010,Custom,Van,0,153,2021-10-01
210,15,Krakow,Małopolskie województwo,Lesser Poland,Poland,PL,1,1999,Chevrolet,P30,0,154,2021-01-01
211,1,Mumbai,Maharashtra,Maharashtra,India,IN,1,2009,Freightliner,MT45 Utilimaster,1,155,2022-04-01
212,2,Mumbai,Maharashtra,Maharashtra,India,IN,1,2009,Freightliner,MT45 Utilimaster,1,155,2022-01-01
213,3,Mumbai,Maharashtra,Maharashtra,India,IN,1,2009,Freightliner,MT45 Utilimaster,1,155,2020-01-01
214,4,Mumbai,Maharashtra,Maharashtra,India,IN,1,2009,Ford_,Step Van,1,156,2022-07-01
215,5,Mumbai,Maharashtra,Maharashtra,India,IN,1,2006,Freightliner,MT45 Utilimaster,0,157,2020-04-01
216,6,Mumbai,Maharashtra,Maharashtra,India,IN,1,2006,Freightliner,MT45 Utilimaster,0,157,2021-01-01
217,7,Mumbai,Maharashtra,Maharashtra,India,IN,1,2000,Freightliner,MT45 Utilimaster,1,158,2022-01-01
218,8,Mumbai,Maharashtra,Maharashtra,India,IN,1,2011,Airstream,Trailer,0,159,2020-07-01
219,9,Mumbai,Maharashtra,Maharashtra,India,IN,1,1972,Volkswagen,Westfalia Bus,1,160,2022-01-01
220,10,Mumbai,Maharashtra,Maharashtra,India,IN,1,1999,Chevrolet,P30,1,161,2022-04-01
221,11,Mumbai,Maharashtra,Maharashtra,India,IN,1,2008,Custom,Box Truck,0,162,2021-01-01
222,12,Mumbai,Maharashtra,Maharashtra,India,IN,1,2005,Freightliner,MT45 Utilimaster,0,163,2020-07-01
223,13,Mumbai,Maharashtra,Maharashtra,India,IN,1,1997,Chevrolet,P30,1,164,2022-01-01
224,14,Mumbai,Maharashtra,Maharashtra,India,IN,0,2012,Ford_,Step Van,0,1,2019-01-01
225,15,Mumbai,Maharashtra,Maharashtra,India,IN,1,1997,Chevrolet,P30,1,165,2022-07-01
226,1,Delhi,Delhi,Delhi,India,IN,1,2001,Freightliner,MT45 Utilimaster,1,167,2022-04-01
227,2,Delhi,Delhi,Delhi,India,IN,1,2014,Ford_,Step Van,0,168,2021-01-01
228,3,Delhi,Delhi,Delhi,India,IN,1,2004,Freightliner,MT45 Utilimaster,0,169,2020-07-01
229,4,Delhi,Delhi,Delhi,India,IN,1,2009,Freightliner,MT45 Utilimaster,1,170,2022-01-01
230,5,Delhi,Delhi,Delhi,India,IN,1,2004,Freightliner,MT45 Utilimaster,0,169,2021-10-01
231,6,Delhi,Delhi,Delhi,India,IN,1,2009,Freightliner,MT45 Utilimaster,1,170,2020-01-01
232,7,Delhi,Delhi,Delhi,India,IN,1,2015,Ford_,Step Van,1,171,2021-10-01
233,8,Delhi,Delhi,Delhi,India,IN,1,2004,Freightliner,MT45 Utilimaster,0,172,2020-07-01
234,9,Delhi,Delhi,Delhi,India,IN,1,1997,Chevrolet,P30,0,173,2021-01-01
235,10,Delhi,Delhi,Delhi,India,IN,1,2015,Airstream,Trailer,0,174,2022-04-01
236,11,Delhi,Delhi,Delhi,India,IN,1,2003,Freightliner,MT45 Utilimaster,0,175,2021-10-01
237,12,Delhi,Delhi,Delhi,India,IN,1,2008,Custom,Van,0,176,2020-10-01
238,13,Delhi,Delhi,Delhi,India,IN,1,1999,Chevrolet,P30,0,177,2021-07-01
239,14,Delhi,Delhi,Delhi,India,IN,1,2003,Freightliner,MT45 Utilimaster,0,178,2020-01-01
240,15,Delhi,Delhi,Delhi,India,IN,0,2015,Ford_,Step Van,1,1,2021-07-01
241,1,Tokyo,Kantō,Tokyo,Japan,JP,0,2015,Ford_,Step Van,1,1,2022-01-01
242,2,Tokyo,Kantō,Tokyo,Japan,JP,1,1997,Chevrolet,P30,0,179,2020-04-01
243,3,Tokyo,Kantō,Tokyo,Japan,JP,1,2010,Custom,Van,1,180,2022-01-01
244,4,Tokyo,Kantō,Tokyo,Japan,JP,1,2014,Ford_,Step Van,0,181,2021-10-01
245,5,Tokyo,Kantō,Tokyo,Japan,JP,1,2014,Ford_,Step Van,0,181,2021-10-01
246,6,Tokyo,Kantō,Tokyo,Japan,JP,1,2014,Ford_,Step Van,0,181,2020-01-01
247,7,Tokyo,Kantō,Tokyo,Japan,JP,1,2005,Freightliner,MT45 Utilimaster,1,182,2022-01-01
248,8,Tokyo,Kantō,Tokyo,Japan,JP,1,2000,Freightliner,MT45 Utilimaster,0,183,2021-07-01
249,9,Tokyo,Kantō,Tokyo,Japan,JP,1,2004,Freightliner,MT45 Utilimaster,0,184,2021-04-01
250,10,Tokyo,Kantō,Tokyo,Japan,JP,1,2010,Custom,Van,0,185,2020-01-01
251,11,Tokyo,Kantō,Tokyo,Japan,JP,1,2005,Freightliner,MT45 Utilimaster,1,186,2022-01-01
252,12,Tokyo,Kantō,Tokyo,Japan,JP,1,2014,Ford_,Step Van,0,187,2020-10-01
253,13,Tokyo,Kantō,Tokyo,Japan,JP,1,2010,Freightliner,MT45 Utilimaster,1,188,2022-01-01
254,14,Tokyo,Kantō,Tokyo,Japan,JP,1,2010,Freightliner,MT45 Utilimaster,1,188,2021-04-01
255,15,Tokyo,Kantō,Tokyo,Japan,JP,1,2010,Freightliner,MT45 Utilimaster,1,188,2022-04-01
256,1,Seoul,Seoul Capital,Seoul,South Korea,KR,1,2011,Airstream,Trailer,0,189,2020-07-01
257,2,Seoul,Seoul Capital,Seoul,South Korea,KR,0,2014,Ford_,Step Van,0,1,2019-01-01
258,3,Seoul,Seoul Capital,Seoul,South Korea,KR,1,2004,Freightliner,MT45 Utilimaster,1,190,2022-01-01
259,4,Seoul,Seoul Capital,Seoul,South Korea,KR,1,2003,Freightliner,MT45 Utilimaster,0,190,2020-04-01
260,5,Seoul,Seoul Capital,Seoul,South Korea,KR,1,2009,Ford_,Step Van,0,191,2021-10-01
261,6,Seoul,Seoul Capital,Seoul,South Korea,KR,1,2003,Freightliner,MT45 Utilimaster,0,192,2022-01-01
262,7,Seoul,Seoul Capital,Seoul,South Korea,KR,1,2009,Ford_,Step Van,0,193,2020-01-01
263,8,Seoul,Seoul Capital,Seoul,South Korea,KR,1,2017,Ford_,Step Van,1,194,2021-04-01
264,9,Seoul,Seoul Capital,Seoul,South Korea,KR,1,2017,Ford_,Step Van,1,194,2020-01-01
265,10,Seoul,Seoul Capital,Seoul,South Korea,KR,1,2004,Freightliner,MT45 Utilimaster,0,195,2021-10-01
266,11,Seoul,Seoul Capital,Seoul,South Korea,KR,1,2014,Ford_,Step Van,1,196,2022-01-01
267,12,Seoul,Seoul Capital,Seoul,South Korea,KR,1,2004,Freightliner,MT45 Utilimaster,0,197,2020-01-01
268,13,Seoul,Seoul Capital,Seoul,South Korea,KR,1,2009,Ford_,Step Van,1,198,2022-04-01
269,14,Seoul,Seoul Capital,Seoul,South Korea,KR,1,2001,Freightliner,MT45 Utilimaster,0,199,2021-07-01
270,15,Seoul,Seoul Capital,Seoul,South Korea,KR,1,2010,Ford_,Step Van,1,1,2021-01-01
271,1,Sydney,New South Wales,New South Wales,Australia,AU,1,2017,Ford_,Step Van,0,200,2020-10-01
272,2,Sydney,New South Wales,New South Wales,Australia,AU,1,1999,Chevrolet,P30,1,201,2021-04-01
273,3,Sydney,New South Wales,New South Wales,Australia,AU,0,2012,Ford_,Step Van,1,1,2022-04-01
274,4,Sydney,New South Wales,New South Wales,Australia,AU,1,2017,Ford_,Step Van,1,200,2022-01-01
275,5,Sydney,New South Wales,New South Wales,Australia,AU,1,2001,Freightliner,MT45 Utilimaster,0,202,2020-01-01
276,6,Sydney,New South Wales,New South Wales,Australia,AU,1,1974,Volkswagen,Westfalia Bus,1,203,2022-01-01
277,7,Sydney,New South Wales,New South Wales,Australia,AU,1,2003,Freightliner,MT45 Utilimaster,0,204,2021-07-01
278,8,Sydney,New South Wales,New South Wales,Australia,AU,1,2018,Nissan,NV 2500 High Roof,0,205,2021-04-01
279,9,Sydney,New South Wales,New South Wales,Australia,AU,1,2005,Ford_,Step Van,0,206,2020-01-01
280,10,Sydney,New South Wales,New South Wales,Australia,AU,1,2015,Airstream,Trailer,1,207,2022-04-01
281,11,Sydney,New South Wales,New South Wales,Australia,AU,1,2000,Freightliner,MT45 Utilimaster,0,208,2021-10-01
282,12,Sydney,New South Wales,New South Wales,Australia,AU,1,2014,Ford_,Step Van,1,209,2022-01-01
283,13,Sydney,New South Wales,New South Wales,Australia,AU,1,2003,Freightliner,MT45 Utilimaster,0,210,2020-10-01
284,14,Sydney,New South Wales,New South Wales,Australia,AU,1,2015,Airstream,Trailer,0,211,2021-04-01
285,15,Sydney,New South Wales,New South Wales,Australia,AU,1,2018,Nissan,NV 2500 High Roof,0,212,2020-01-01
286,1,Melbourne,Victoria,Victoria,Australia,AU,1,2005,Ford_,Step Van,1,213,2022-04-01
287,2,Melbourne,Victoria,Victoria,Australia,AU,1,2014,Ford_,Step Van,0,214,2021-10-01
288,3,Melbourne,Victoria,Victoria,Australia,AU,1,2003,Freightliner,MT45 Utilimaster,1,215,2022-01-01
289,4,Melbourne,Victoria,Victoria,Australia,AU,0,2012,Ford_,Step Van,1,1,2022-04-01
290,5,Melbourne,Victoria,Victoria,Australia,AU,1,1972,Volkswagen,Westfalia Bus,0,216,2021-07-01
291,6,Melbourne,Victoria,Victoria,Australia,AU,1,2009,Ford_,Step Van,0,217,2020-10-01
292,7,Melbourne,Victoria,Victoria,Australia,AU,1,2001,Freightliner,MT45 Utilimaster,0,218,2021-10-01
293,8,Melbourne,Victoria,Victoria,Australia,AU,1,1999,Chevrolet,P30,0,219,2021-04-01
294,9,Melbourne,Victoria,Victoria,Australia,AU,1,2012,Ford_,Step Van,0,220,2021-01-01
295,10,Melbourne,Victoria,Victoria,Australia,AU,1,2003,Freightliner,MT45 Utilimaster,1,221,2022-01-01
296,11,Melbourne,Victoria,Victoria,Australia,AU,1,2009,Ford_,Step Van,0,220,2020-10-01
297,12,Melbourne,Victoria,Victoria,Australia,AU,1,2001,Freightliner,MT45 Utilimaster,0,221,2020-07-01
298,13,Melbourne,Victoria,Victoria,Australia,AU,1,1999,Chevrolet,P30,1,222,2022-04-01
299,14,Melbourne,Victoria,Victoria,Australia,AU,1,2001,Freightliner,MT45 Utilimaster,0,223,2021-01-01
300,15,Melbourne,Victoria,Victoria,Australia,AU,1,2000,Freightliner,MT45 Utilimaster,0,224,2020-10-01
301,1,Sao Paulo,São Paulo estado,São Paulo,Brazil,BR,1,2011,Airstream,Trailer,1,225,2022-01-01
302,2,Sao Paulo,São Paulo estado,São Paulo,Brazil,BR,0,2014,Ford_,Step Van,0,1,2021-07-01
303,3,Sao Paulo,São Paulo estado,São Paulo,Brazil,BR,0,2012,Ford_,Step Van,0,1,2019-07-01
304,4,Sao Paulo,São Paulo estado,São Paulo,Brazil,BR,1,2003,Freightliner,MT45 Utilimaster,0,226,2020-01-01
305,5,Sao Paulo,São Paulo estado,São Paulo,Brazil,BR,1,1999,Chevrolet,P30,0,227,2020-04-01
306,6,Sao Paulo,São Paulo estado,São Paulo,Brazil,BR,1,2014,Ford_,Step Van,0,228,2021-10-01
307,7,Sao Paulo,São Paulo estado,São Paulo,Brazil,BR,1,2001,Freightliner,MT45 Utilimaster,1,229,2022-01-01
308,8,Sao Paulo,São Paulo estado,São Paulo,Brazil,BR,1,2000,Freightliner,MT45 Utilimaster,0,229,2021-01-01
309,9,Sao Paulo,São Paulo estado,São Paulo,Brazil,BR,1,2011,Airstream,Trailer,0,230,2020-04-01
310,10,Sao Paulo,São Paulo estado,São Paulo,Brazil,BR,1,2014,Ford_,Step Van,0,231,2021-10-01
311,11,Sao Paulo,São Paulo estado,São Paulo,Brazil,BR,1,2001,Freightliner,MT45 Utilimaster,1,232,2022-07-01
312,12,Sao Paulo,São Paulo estado,São Paulo,Brazil,BR,1,2000,Freightliner,MT45 Utilimaster,1,232,2022-04-01
313,13,Sao Paulo,São Paulo estado,São Paulo,Brazil,BR,1,2011,Airstream,Trailer,0,233,2021-01-01
314,14,Sao Paulo,São Paulo estado,São Paulo,Brazil,BR,1,2004,Freightliner,MT45 Utilimaster,0,232,2020-04-01
315,15,Sao Paulo,São Paulo estado,São Paulo,Brazil,BR,1,2007,Freightliner,MT45 Utilimaster,1,232,2022-01-01
316,1,Rio de Janeiro,"Rio de Janeiro, estado ",Rio de Janeiro,Brazil,BR,1,1999,Chevrolet,P30,1,234,2021-01-01
317,2,Rio de Janeiro,"Rio de Janeiro, estado ",Rio de Janeiro,Brazil,BR,0,2012,Ford_,Step Van,1,1,2022-01-01
318,3,Rio de Janeiro,"Rio de Janeiro, estado ",Rio de Janeiro,Brazil,BR,1,2010,Airstream,Trailer,0,235,2020-10-01
319,4,Rio de Janeiro,"Rio de Janeiro, estado ",Rio de Janeiro,Brazil,BR,1,1981,Citroën,H Van,1,236,2022-01-01
320,5,Rio de Janeiro,"Rio de Janeiro, estado ",Rio de Janeiro,Brazil,BR,1,2010,Custom,Van,1,237,2022-04-01
321,6,Rio de Janeiro,"Rio de Janeiro, estado ",Rio de Janeiro,Brazil,BR,1,2009,Ford_,Step Van,0,238,2021-10-01
322,7,Rio de Janeiro,"Rio de Janeiro, estado ",Rio de Janeiro,Brazil,BR,1,2008,Custom,Box Truck,0,239,2020-07-01
323,8,Rio de Janeiro,"Rio de Janeiro, estado ",Rio de Janeiro,Brazil,BR,1,2005,Freightliner,MT45 Utilimaster,1,240,2022-04-01
324,9,Rio de Janeiro,"Rio de Janeiro, estado ",Rio de Janeiro,Brazil,BR,1,2010,Custom,Van,0,241,2021-01-01
325,10,Rio de Janeiro,"Rio de Janeiro, estado ",Rio de Janeiro,Brazil,BR,1,2014,Ford_,Step Van,0,242,2020-10-01
326,11,Rio de Janeiro,"Rio de Janeiro, estado ",Rio de Janeiro,Brazil,BR,1,1972,Volkswagen,Westfalia Bus,1,243,2022-07-01
327,12,Rio de Janeiro,"Rio de Janeiro, estado ",Rio de Janeiro,Brazil,BR,1,2008,Custom,Box Truck,0,244,2020-01-01
328,13,Rio de Janeiro,"Rio de Janeiro, estado ",Rio de Janeiro,Brazil,BR,1,2009,Ford_,Step Van,1,245,2022-04-01
329,14,Rio de Janeiro,"Rio de Janeiro, estado ",Rio de Janeiro,Brazil,BR,1,2005,Freightliner,MT45 Utilimaster,1,245,2022-01-01
330,15,Rio de Janeiro,"Rio de Janeiro, estado ",Rio de Janeiro,Brazil,BR,1,2000,Freightliner,MT45 Utilimaster,0,245,2020-10-01
331,1,Munich,Bavaria,Bayern,Germany,DE,1,2001,Freightliner,MT45 Utilimaster,1,246,2022-01-01
332,2,Munich,Bavaria,Bayern,Germany,DE,1,2001,Freightliner,MT45 Utilimaster,1,246,2022-04-01
333,3,Munich,Bavaria,Bayern,Germany,DE,1,2015,Airstream,Trailer,1,247,2020-10-01
334,4,Munich,Bavaria,Bayern,Germany,DE,1,2008,Custom,Box Truck,1,248,2022-04-01
335,5,Munich,Bavaria,Bayern,Germany,DE,1,2014,Ford_,Step Van,0,249,2020-01-01
336,6,Munich,Bavaria,Bayern,Germany,DE,0,2012,Ford_,Step Van,1,1,2021-01-01
337,7,Munich,Bavaria,Bayern,Germany,DE,1,2010,Custom,Van,1,250,2022-04-01
338,8,Munich,Bavaria,Bayern,Germany,DE,1,2014,Ford_,Step Van,1,251,2022-04-01
339,9,Munich,Bavaria,Bayern,Germany,DE,1,2014,Ford_,Step Van,0,251,2020-10-01
340,10,Munich,Bavaria,Bayern,Germany,DE,1,1974,Volkswagen,Westfalia Bus,1,252,2022-01-01
341,11,Munich,Bavaria,Bayern,Germany,DE,1,2010,Custom,Van,0,253,2020-07-01
342,12,Munich,Bavaria,Bayern,Germany,DE,1,2001,Freightliner,MT45 Utilimaster,1,254,2022-01-01
343,13,Munich,Bavaria,Bayern,Germany,DE,1,2000,Freightliner,MT45 Utilimaster,0,254,2021-04-01
344,14,Munich,Bavaria,Bayern,Germany,DE,1,2011,Airstream,Trailer,0,255,2021-01-01
345,15,Munich,Bavaria,Bayern,Germany,DE,1,2009,Ford_,Step Van,0,256,2020-10-01
346,1,Berlin,Brandenburg,Berlin,Germany,DE,1,2010,Custom,Van,0,257,2021-10-01
347,2,Berlin,Brandenburg,Berlin,Germany,DE,1,1974,Citroën,H Van,0,258,2020-01-01
348,3,Berlin,Brandenburg,Berlin,Germany,DE,1,2014,Ford_,Step Van,1,259,2022-04-01
349,4,Berlin,Brandenburg,Berlin,Germany,DE,1,2014,Ford_,Step Van,1,259,2022-07-01
350,5,Berlin,Brandenburg,Berlin,Germany,DE,1,1997,Chevrolet,P30,0,260,2020-04-01
351,6,Berlin,Brandenburg,Berlin,Germany,DE,1,2014,Ford_,Step Van,1,259,2022-01-01
352,7,Berlin,Brandenburg,Berlin,Germany,DE,1,2014,Ford_,Step Van,1,259,2022-04-01
353,8,Berlin,Brandenburg,Berlin,Germany,DE,1,2003,Freightliner,MT45 Utilimaster,0,260,2020-07-01
354,9,Berlin,Brandenburg,Berlin,Germany,DE,1,2001,Freightliner,MT45 Utilimaster,1,260,2021-10-01
355,10,Berlin,Brandenburg,Berlin,Germany,DE,1,2000,Freightliner,MT45 Utilimaster,0,260,2020-10-01
356,11,Berlin,Brandenburg,Berlin,Germany,DE,0,2012,Ford_,Step Van,1,1,2022-04-01
357,12,Berlin,Brandenburg,Berlin,Germany,DE,1,2009,Ford_,Step Van,0,261,2020-01-01
358,13,Berlin,Brandenburg,Berlin,Germany,DE,1,2014,Ford_,Step Van,0,262,2020-01-01
359,14,Berlin,Brandenburg,Berlin,Germany,DE,1,1997,Chevrolet,P30,0,263,2020-10-01
360,15,Berlin,Brandenburg,Berlin,Germany,DE,1,2009,Ford_,Step Van,1,264,2022-01-01
361,1,Hamburg,Hamburg,Hamburg,Germany,DE,1,2014,Ford_,Step Van,0,265,2020-04-01
362,2,Hamburg,Hamburg,Hamburg,Germany,DE,1,2010,Custom,Van,1,266,2022-01-01
363,3,Hamburg,Hamburg,Hamburg,Germany,DE,0,2012,Ford_,Step Van,0,1,2019-10-01
364,4,Hamburg,Hamburg,Hamburg,Germany,DE,1,2008,Custom,Van,1,267,2022-01-01
365,5,Hamburg,Hamburg,Hamburg,Germany,DE,1,2004,Freightliner,MT45 Utilimaster,0,268,2020-01-01
366,6,Hamburg,Hamburg,Hamburg,Germany,DE,1,1974,Citroën,H Van,1,269,2022-04-01
367,7,Hamburg,Hamburg,Hamburg,Germany,DE,1,2009,Ford_,Step Van,1,270,2022-01-01
368,8,Hamburg,Hamburg,Hamburg,Germany,DE,1,2001,Freightliner,MT45 Utilimaster,0,271,2020-10-01
369,9,Hamburg,Hamburg,Hamburg,Germany,DE,1,2000,Freightliner,MT45 Utilimaster,1,271,2022-01-01
370,10,Hamburg,Hamburg,Hamburg,Germany,DE,1,2011,Airstream,Trailer,0,272,2021-01-01
371,11,Hamburg,Hamburg,Hamburg,Germany,DE,1,2001,Freightliner,MT45 Utilimaster,1,271,2022-04-01
372,12,Hamburg,Hamburg,Hamburg,Germany,DE,1,2000,Freightliner,MT45 Utilimaster,0,271,2020-07-01
373,13,Hamburg,Hamburg,Hamburg,Germany,DE,1,2009,Ford_,Step Van,1,273,2021-10-01
374,14,Hamburg,Hamburg,Hamburg,Germany,DE,1,2007,Freightliner,MT45 Utilimaster,1,271,2022-10-01
375,15,Hamburg,Hamburg,Hamburg,Germany,DE,1,2009,Ford_,Step Van,1,274,2022-01-01
376,1,Stockholm,"Stockholm, län",Stockholm,Sweden,SE,1,2009,Ford_,Step Van,0,275,2020-04-01
377,2,Stockholm,"Stockholm, län",Stockholm,Sweden,SE,1,2001,Freightliner,MT45 Utilimaster,0,276,2020-10-01
378,3,Stockholm,"Stockholm, län",Stockholm,Sweden,SE,1,1997,Chevrolet,P30,0,277,2021-07-01
379,4,Stockholm,"Stockholm, län",Stockholm,Sweden,SE,1,2001,Freightliner,MT45 Utilimaster,1,276,2022-01-01
380,5,Stockholm,"Stockholm, län",Stockholm,Sweden,SE,1,2000,Freightliner,MT45 Utilimaster,0,276,2020-04-01
381,6,Stockholm,"Stockholm, län",Stockholm,Sweden,SE,1,2011,Airstream,Trailer,1,277,2022-01-01
382,7,Stockholm,"Stockholm, län",Stockholm,Sweden,SE,1,2015,Airstream,Trailer,0,288,2021-10-01
383,8,Stockholm,"Stockholm, län",Stockholm,Sweden,SE,1,2001,Freightliner,MT45 Utilimaster,1,289,2022-01-01
384,9,Stockholm,"Stockholm, län",Stockholm,Sweden,SE,0,2012,Ford_,Step Van,1,1,2022-04-01
385,10,Stockholm,"Stockholm, län",Stockholm,Sweden,SE,1,2001,Freightliner,MT45 Utilimaster,0,290,2020-10-01
386,11,Stockholm,"Stockholm, län",Stockholm,Sweden,SE,1,2009,Ford_,Step Van,0,291,2021-01-01
387,12,Stockholm,"Stockholm, län",Stockholm,Sweden,SE,1,2009,Ford_,Step Van,0,291,2020-07-01
388,13,Stockholm,"Stockholm, län",Stockholm,Sweden,SE,0,2011,Ford_,Step Van,1,1,2022-07-01
389,14,Stockholm,"Stockholm, län",Stockholm,Sweden,SE,1,2007,Freightliner,MT45 Utilimaster,0,292,2020-10-01
390,15,Stockholm,"Stockholm, län",Stockholm,Sweden,SE,1,2003,Freightliner,MT45 Utilimaster,1,293,2022-04-01
391,1,Madrid,Madrid provincia,Madrid,Spain,ES,1,1997,Chevrolet,P30,1,294,2022-01-01
392,2,Madrid,Madrid provincia,Madrid,Spain,ES,0,2010,Ford_,Step Van,0,1,2019-01-01
393,3,Madrid,Madrid provincia,Madrid,Spain,ES,1,2001,Freightliner,MT45 Utilimaster,0,295,2021-10-01
394,4,Madrid,Madrid provincia,Madrid,Spain,ES,1,2000,Freightliner,MT45 Utilimaster,0,296,2020-10-01
395,5,Madrid,Madrid provincia,Madrid,Spain,ES,1,1978,Citroën,H Van,0,297,2022-07-01
396,6,Madrid,Madrid provincia,Madrid,Spain,ES,1,2005,Freightliner,MT45 Utilimaster,1,298,2020-01-01
397,7,Madrid,Madrid provincia,Madrid,Spain,ES,1,2005,Freightliner,MT45 Utilimaster,1,298,2021-04-01
398,8,Madrid,Madrid provincia,Madrid,Spain,ES,1,2005,Freightliner,MT45 Utilimaster,1,298,2022-01-01
399,9,Madrid,Madrid provincia,Madrid,Spain,ES,1,2005,Freightliner,MT45 Utilimaster,0,298,2020-07-01
400,10,Madrid,Madrid provincia,Madrid,Spain,ES,1,2014,Ford_,Step Van,0,299,2022-01-01
401,11,Madrid,Madrid provincia,Madrid,Spain,ES,1,2014,Ford_,Step Van,0,299,2020-10-01
402,12,Madrid,Madrid provincia,Madrid,Spain,ES,1,2010,Airstream,Trailer,0,300,2021-04-01
403,13,Madrid,Madrid provincia,Madrid,Spain,ES,1,1972,Volkswagen,Westfalia Bus,0,301,2020-07-01
404,14,Madrid,Madrid provincia,Madrid,Spain,ES,1,1997,Chevrolet,P30,0,302,2021-10-01
405,15,Madrid,Madrid provincia,Madrid,Spain,ES,1,2008,Custom,Box Truck,1,303,2022-01-01
406,1,Barcelona,Barcelona provincia,Barcelona,Spain,ES,1,2005,Ford_,Step Van,0,304,2020-04-01
407,2,Barcelona,Barcelona provincia,Barcelona,Spain,ES,1,2014,Ford_,Step Van,1,305,2022-04-01
408,3,Barcelona,Barcelona provincia,Barcelona,Spain,ES,1,2003,Freightliner,MT45 Utilimaster,0,306,2020-07-01
409,4,Barcelona,Barcelona provincia,Barcelona,Spain,ES,1,2003,Freightliner,MT45 Utilimaster,0,306,2021-01-01
410,5,Barcelona,Barcelona provincia,Barcelona,Spain,ES,1,2003,Freightliner,MT45 Utilimaster,0,306,2020-04-01
411,6,Barcelona,Barcelona provincia,Barcelona,Spain,ES,1,2005,Ford_,Step Van,1,307,2021-10-01
412,7,Barcelona,Barcelona provincia,Barcelona,Spain,ES,1,2003,Freightliner,MT45 Utilimaster,0,308,2022-01-01
413,8,Barcelona,Barcelona provincia,Barcelona,Spain,ES,0,2011,Ford_,Step Van,0,1,2019-07-01
414,9,Barcelona,Barcelona provincia,Barcelona,Spain,ES,1,2018,Nissan,NV 2500 High Roof,1,309,2021-01-01
415,10,Barcelona,Barcelona provincia,Barcelona,Spain,ES,1,1981,Citroën,H Van,0,310,2020-04-01
416,11,Barcelona,Barcelona provincia,Barcelona,Spain,ES,1,2005,Freightliner,MT45 Utilimaster,0,311,2022-01-01
417,12,Barcelona,Barcelona provincia,Barcelona,Spain,ES,1,2005,Freightliner,MT45 Utilimaster,0,311,2020-10-01
418,13,Barcelona,Barcelona provincia,Barcelona,Spain,ES,1,2009,Ford_,Step Van,0,312,2021-07-01
419,14,Barcelona,Barcelona provincia,Barcelona,Spain,ES,1,2015,Airstream,Trailer,0,312,2020-01-01
420,15,Barcelona,Barcelona provincia,Barcelona,Spain,ES,1,2010,Custom,Box Truck,1,313,2022-01-01
421,1,Cairo,Cairo Governorate,Al Qahirah,Egypt,EG,0,2010,Ford_,Step Van,1,1,2021-04-01
422,2,Cairo,Cairo Governorate,Al Qahirah,Egypt,EG,1,2000,Freightliner,MT45 Utilimaster,1,314,2022-01-01
423,3,Cairo,Cairo Governorate,Al Qahirah,Egypt,EG,1,2015,Airstream,Trailer,1,315,2022-01-01
424,4,Cairo,Cairo Governorate,Al Qahirah,Egypt,EG,1,2005,Freightliner,MT45 Utilimaster,0,316,2020-10-01
425,5,Cairo,Cairo Governorate,Al Qahirah,Egypt,EG,1,2000,Freightliner,MT45 Utilimaster,1,317,2022-01-01
426,6,Cairo,Cairo Governorate,Al Qahirah,Egypt,EG,1,2015,Airstream,Trailer,0,318,2021-07-01
427,7,Cairo,Cairo Governorate,Al Qahirah,Egypt,EG,1,2005,Ford_,Step Van,0,319,2020-01-01
428,8,Cairo,Cairo Governorate,Al Qahirah,Egypt,EG,1,2009,Ford_,Step Van,0,319,2021-04-01
429,9,Cairo,Cairo Governorate,Al Qahirah,Egypt,EG,1,2018,Nissan,NV 2500 High Roof,1,320,2022-01-01
430,10,Cairo,Cairo Governorate,Al Qahirah,Egypt,EG,1,2005,Ford_,Step Van,0,321,2020-10-01
431,11,Cairo,Cairo Governorate,Al Qahirah,Egypt,EG,1,2009,Ford_,Step Van,0,319,2021-01-01
432,12,Cairo,Cairo Governorate,Al Qahirah,Egypt,EG,1,2008,Custom,Box Truck,0,322,2020-10-01
433,13,Cairo,Cairo Governorate,Al Qahirah,Egypt,EG,1,2000,Freightliner,MT45 Utilimaster,0,323,2021-04-01
434,14,Cairo,Cairo Governorate,Al Qahirah,Egypt,EG,1,2008,Custom,Box Truck,0,324,2020-07-01
435,15,Cairo,Cairo Governorate,Al Qahirah,Egypt,EG,1,2015,Airstream,Trailer,1,325,2022-01-01
436,1,Cape Town,Western Cape,Western Cape,South Africa,ZA,0,2010,Ford_,Step Van,0,1,2019-04-01
437,2,Cape Town,Western Cape,Western Cape,South Africa,ZA,1,2001,Freightliner,MT45 Utilimaster,1,326,2022-01-01
438,3,Cape Town,Western Cape,Western Cape,South Africa,ZA,1,2005,Ford_,Step Van,0,327,2021-01-01
439,4,Cape Town,Western Cape,Western Cape,South Africa,ZA,1,1972,Volkswagen,Westfalia Bus,0,328,2020-07-01
440,5,Cape Town,Western Cape,Western Cape,South Africa,ZA,1,1997,Chevrolet,P30,1,329,2022-01-01
441,6,Cape Town,Western Cape,Western Cape,South Africa,ZA,1,2008,Custom,Box Truck,1,330,2022-01-01
442,7,Cape Town,Western Cape,Western Cape,South Africa,ZA,1,2009,Ford_,Step Van,1,1,2022-01-01
443,8,Cape Town,Western Cape,Western Cape,South Africa,ZA,1,2008,Custom,Box Truck,0,331,2020-10-01
444,9,Cape Town,Western Cape,Western Cape,South Africa,ZA,1,2015,Airstream,Trailer,1,332,2022-04-01
445,10,Cape Town,Western Cape,Western Cape,South Africa,ZA,1,2008,Custom,Van,0,333,2020-10-01
446,11,Cape Town,Western Cape,Western Cape,South Africa,ZA,1,2001,Freightliner,MT45 Utilimaster,0,326,2021-01-01
447,12,Cape Town,Western Cape,Western Cape,South Africa,ZA,1,1997,Chevrolet,P30,0,334,2020-10-01
448,13,Cape Town,Western Cape,Western Cape,South Africa,ZA,0,2010,Ford_,Step Van,0,1,2019-07-01
449,14,Cape Town,Western Cape,Western Cape,South Africa,ZA,1,2005,Freightliner,MT45 Utilimaster,1,335,2022-04-01
450,15,Cape Town,Western Cape,Western Cape,South Africa,ZA,1,2009,Ford_,Step Van,0,336,2020-01-01
